model	median_f1_macro	mean_f1_macro	n_runs
dgcytof	0.821210657973118	0.8298279804947865	12
