model	median_f1_weighted	mean_f1_weighted	n_runs
dgcytof	0.9217383377873123	0.9070615500109899	12
